model,rmse,r2,directional_accuracy
Transformer,0.02380940651994572,-0.06307178892483112,0.5659432387312187
Ridge,0.02455117125417138,-0.13034205225579387,0.49081803005008345
