total_return,avg_weekly_return,hit_rate,num_trades
0.19510245253400005,0.00032571361024040074,0.5292153589315526,599
